<?xml version="1.0"?>
<!DOCTYPE Configure PUBLIC "-//Mort Bay Consulting//DTD Configure//EN" "http://www.eclipse.org/jetty/configure_9_0.dtd">

<!-- =============================================================== -->
<!-- Configure the Shibboleth IdP webapp                             -->
<!-- =============================================================== -->
<Configure class="org.eclipse.jetty.webapp.WebAppContext">
  <Set name="war"><Property name="jetty.war.path" /></Set>
  <Set name="contextPath"><Property name="jetty.context.path" /></Set>
  <Set name="extractWAR">false</Set>
  <Set name="copyWebDir">false</Set>
  <!-- https://bugs.eclipse.org/bugs/show_bug.cgi?id=375504 -->
  <Set name="copyWebInf">true</Set>
</Configure>
