<configuration>
  <statusListener class="ch.qos.logback.core.status.OnConsoleStatusListener" /> 
  <appender name="FILE" class="ch.qos.logback.core.rolling.RollingFileAppender">
    <file>${jetty.base}/logs/access.log</file>
    <rollingPolicy class="ch.qos.logback.core.rolling.TimeBasedRollingPolicy">
      <fileNamePattern>${jetty.base}/logs/access-%d{yyyy-MM-dd}.log.gz</fileNamePattern>
    </rollingPolicy>
    <encoder>
      <pattern>combined</pattern>
    </encoder>
  </appender>
  
  <appender-ref ref="FILE" />
</configuration>
